date,sp500_tr,rf
1900-01-31,6.178062455398155,
1900-02-28,6.30846008509201,
1900-03-31,6.37893503169479,
1900-04-30,6.480834952328891,
1900-05-31,6.1952539957347454,
1900-06-30,6.032423437485923,
1900-07-31,6.054942082997015,
1900-08-31,6.16085190612111,
1900-09-30,6.039631440375671,
1900-10-31,6.283039000580465,
1900-11-30,6.799873843494271,
1900-12-31,7.23535959118719,
1901-01-31,7.472474717430646,
1901-02-28,7.689435431379808,
1901-03-31,7.992151711293323,
1901-04-30,8.689797737338942,
1901-05-31,8.279532174017014,
1901-06-30,9.131941965542051,
1901-07-31,8.54747082109452,
1901-08-31,8.694177253335939,
1901-09-30,8.679308480048206,
1901-10-31,8.61029893668549,
1901-11-30,8.824222956727477,
1901-12-31,8.711371920564709,
1902-01-31,8.926946415638806,
1902-02-28,9.033375332418853,
1902-03-31,9.074047580939359,
1902-04-30,9.413706518488892,
1902-05-31,9.421495768575928,
1902-06-30,9.395974577319443,
1902-07-31,9.638582886411585,
1902-08-31,9.926871779778704,
1902-09-30,9.980038066443715,
1902-10-31,9.695137111584607,
1902-11-30,9.352847109399256,
1902-12-31,9.168400792011225,
1903-01-31,9.666844792419147,
1903-02-28,9.641449328410692,
1903-03-31,9.295132901384445,
1903-04-30,8.947782911269075,
1903-05-31,8.807148779210987,
1903-06-30,8.353271594317437,
1903-07-31,8.002474906646606,
1903-08-31,7.778882642436202,
1903-09-30,7.624888924967159,
1903-10-31,7.411452924186232,
1903-11-30,7.469495492813746,
1903-12-31,7.849115553024424,
1904-01-31,8.015048085904,
1904-02-29,7.8333996595359645,
1904-03-31,7.843442479612293,
1904-04-30,8.071069751265341,
1904-05-31,7.934657732765981,
1904-06-30,7.980434604301169,
1904-07-31,8.3447947694722,
1904-08-31,8.661037465056193,
1904-09-30,9.07699789490435,
1904-10-31,9.642935900038944,
1904-11-30,10.1980061016914,
1904-12-31,10.330110015901395,
1905-01-31,10.588018429298401,
1905-02-28,11.085527602884643,
1905-03-31,11.433524989282015,
1905-04-30,11.327896484477717,
1905-05-31,10.803981272070622,
1905-06-30,10.964981777301478,
1905-07-31,11.34341177338883,
1905-08-31,11.799887117704468,
1905-09-30,11.87310199701269,
1905-10-31,12.0753499343345,
1905-11-30,12.046139886460939,
1905-12-31,12.379317224888831,
1906-01-31,12.84384439937064,
1906-02-28,12.789807860496897,
1906-03-31,12.514381088331008,
1906-04-30,12.382746642207499,
1906-05-31,12.093772116467472,
1906-06-30,12.291931690452802,
1906-07-31,12.015561484380365,
1906-08-31,12.945761781893095,
1906-09-30,13.387321359628526,
1906-10-31,13.030092545980148,
1906-11-30,13.341917525356454,
1906-12-31,13.265780365930116,
1907-01-31,12.933607831987489,
1907-02-28,12.573593101427118,
1907-03-31,11.3843520692457,
1907-04-30,11.485845499419923,
1907-05-31,11.136375986921184,
1907-06-30,10.827032209506706,
1907-07-31,11.290046651348845,
1907-08-31,10.49330547012707,
1907-09-30,10.431757751012778,
1907-10-31,9.34812682588604,
1907-11-30,8.850299183312217,
1907-12-31,9.35535625670657,
1908-01-31,9.805882399525414,
1908-02-29,9.499693125135366,
1908-03-31,9.939893551514746,
1908-04-30,10.526677636269197,
1908-05-31,11.145010900325051,
1908-06-30,11.210741633026835,
1908-07-31,11.67256109120149,
1908-08-31,12.22441629691588,
1908-09-30,12.141785557217194,
1908-10-31,12.340767675279013,
1908-11-30,13.226569674284606,
1908-12-31,13.576082651710019,
1909-01-31,13.671714101396715,
1909-02-28,13.330512281388257,
1909-03-31,13.56404871813606,
1909-04-30,14.224675167895578,
1909-05-31,14.750812630047168,
1909-06-30,15.064822660074132,
1909-07-31,15.33426008780316,
1909-08-31,15.75935899652498,
1909-09-30,15.830312233657336,
1909-10-31,15.948547629167635,
1909-11-30,15.927332267259496,
1909-12-31,16.172448382701933,
1910-01-31,15.88491638172307,
1910-02-28,15.376036992014267,
1910-03-31,15.814683794920025,
1910-04-30,15.493150314149814,
1910-05-31,15.298224061697695,
1910-06-30,14.622792533869077,
1910-07-31,13.944881478899187,
1910-08-31,14.345689222023411,
1910-09-30,14.505423473483324,
1910-10-31,15.235985626538952,
1910-11-30,15.28332562122084,
1910-12-31,14.920804918605057,
1911-01-31,15.348095004211519,
1911-02-28,15.677850011943141,
1911-03-31,15.56008602722989,
1911-04-30,15.5586947462904,
1911-05-31,15.959677629927732,
1911-06-30,16.345482073337553,
1911-07-31,16.344073465782113,
1911-08-31,15.629833495185022,
1911-09-30,14.844364763556767,
1911-10-31,14.997031721428794,
1911-11-30,15.666337322910756,
1911-12-31,15.803079517478608,
1912-01-31,15.888484378244494,
1912-02-29,15.817593050376283,
1912-03-31,16.34141959013916,
1912-04-30,16.920295343416015,
1912-05-31,16.972373624704147,
1912-06-30,17.042501299301698,
1912-07-31,17.13082699758044,
1912-08-31,17.59477945242367,
1912-09-30,17.755825790004252,
1912-10-31,17.79158655137814,
1912-11-30,17.664899847682353,
1912-12-31,17.102092144416005,
1913-01-31,17.02916211394941,
1913-02-28,16.498145230826257,
1913-03-31,16.25904167675631,
1913-04-30,16.314470227927067,
1913-05-31,15.943264989521447,
1913-06-30,15.216028340876605,
1913-07-31,15.49711260825733,
1913-08-31,15.986693322491458,
1913-09-30,16.213723286834533,
1913-10-31,15.77654200242985,
1913-11-30,15.451843196084441,
1913-12-31,15.509427704889719,
1914-01-31,16.22236626076851,
1914-02-28,16.511474540405864,
1914-03-31,16.275387713987914,
1914-04-30,15.959139194705697,
1914-05-31,16.131931598753464,
1914-06-30,16.126995267174898,
1914-07-31,15.307917145517951,
1914-08-31,15.381001819389782,
1914-09-30,15.453600949071145,
1914-10-31,15.525704338915988,
1914-11-30,15.597301825287941,
1914-12-31,14.99818671611347,
1915-01-31,15.335016741592808,
1915-02-28,15.202048342194617,
1915-03-31,15.665954571245893,
1915-04-30,16.918558356333193,
1915-05-31,16.597126532032586,
1915-06-30,16.85895751139012,
1915-07-31,16.87045543224677,
1915-08-31,17.661446708739764,
1915-09-30,18.39249311816589,
1915-10-31,19.487742013115334,
1915-11-30,20.246285669227593,
1915-12-31,20.365780131863097,
1916-01-31,20.12245059287551,
1916-02-29,19.92325702381438,
1916-03-31,19.941754612989573,
1916-04-30,19.810060019412152,
1916-05-31,20.335015689276066,
1916-06-30,20.62293055542682,
1916-07-31,20.42937025101504,
1916-08-31,20.679609747399585,
1916-09-30,21.622329412183593,
1916-10-31,22.392643511756937,
1916-11-30,23.011395481605852,
1916-12-31,22.19251134595615,
1917-01-31,21.779383405152004,
1917-02-28,20.660771970646532,
1917-03-31,21.414386784359902,
1917-04-30,21.208005919244247,
1917-05-31,20.609425177841217,
1917-06-30,21.149278912983124,
1917-07-31,20.688354086230962,
1917-08-31,20.20325258678581,
1917-09-30,19.36194383188961,
1917-10-31,18.445569895420757,
1917-11-30,17.04437907810455,
1917-12-31,16.602532603423576,
1918-01-31,17.74192209581539,
1918-02-28,18.420675703503196,
1918-03-31,18.185148894373615,
1918-04-30,18.145597860835025,
1918-05-31,18.858670361145233,
1918-06-30,19.017093331248937,
1918-07-31,19.30213701205289,
1918-08-31,19.61270179975236,
1918-09-30,19.638576076533038,
1918-10-31,20.600102292481772,
1918-11-30,21.250953700789616,
1918-12-31,20.954336791194226,
1919-01-31,20.946976248840357,
1919-02-28,21.1522877474662,
1919-03-31,21.921787217128674,
1919-04-30,22.77595849717047,
1919-05-31,24.475626842192227,
1919-06-30,25.25555437906253,
1919-07-31,26.20314040280175,
1919-08-31,24.56447976388942,
1919-09-30,25.07681671499647,
1919-10-31,26.481577682418955,
1919-11-30,25.82287057545931,
1919-12-31,25.188304205677895,
1920-01-31,25.058479958384616,
1920-02-29,23.111386875698997,
1920-03-31,24.862573751620015,
1920-04-30,24.786891541824374,
1920-05-31,23.355808829870384,
1920-06-30,23.075693670206924,
1920-07-31,23.1724008333892,
1920-08-31,22.39039333665937,
1920-09-30,23.3122785009045,
1920-10-31,23.468607026684072,
1920-11-30,22.404304705274075,
1920-12-31,20.524799196910507,
1921-01-31,21.55601212572445,
1921-02-28,21.531176729663045,
1921-03-31,21.108660425212328,
1921-04-30,21.32682927139491,
1921-05-31,22.100788444615866,
1921-06-30,20.456938835936864,
1921-07-31,20.519610984431694,
1921-08-31,20.393052434294177,
1921-09-30,21.023419074462765,
1921-10-31,21.433789217591745,
1921-11-30,22.7092063118057,
1921-12-31,23.63665973294413,
1922-01-31,23.72940640736364,
1922-02-28,24.376357792326043,
1922-03-31,25.419950187758232,
1922-04-30,27.094004982261477,
1922-05-31,28.282269057853792,
1922-06-30,28.151025624847925,
1922-07-31,28.486727993541873,
1922-08-31,29.695517049695567,
1922-09-30,30.60843840482376,
1922-10-31,31.425367265376348,
1922-11-30,30.00732302003753,
1922-12-31,30.08404628912285,
1923-01-31,30.641326406268647,
1923-02-28,32.096875481708,
1923-03-31,32.76411925631427,
1923-04-30,31.767153085977867,
1923-05-31,30.416845444227103,
1923-06-30,29.411136598320326,
1923-07-31,28.5770275954525,
1923-08-31,28.87346402831558,
1923-09-30,29.207647639754423,
1923-10-31,28.934893605098107,
1923-11-30,29.958334844972082,
1923-12-31,31.13263878035038,
1924-01-31,32.31352465112513,
1924-02-29,32.62254026578146,
1924-03-31,32.16127642605954,
1924-04-30,31.58727157582317,
1924-05-31,31.642487365254244,
1924-06-30,32.4083326910957,
1924-07-31,34.07997802458378,
1924-08-31,35.4208156981922,
1924-09-30,35.25173882097474,
1924-10-31,34.96804171927405,
1924-11-30,37.09634942826122,
1924-12-31,39.27377173650718,
1925-01-31,41.075816797599444,
1925-02-28,41.60586177758926,
1925-03-31,40.69683023804845,
1925-04-30,40.45094539510393,
1925-05-31,41.93663884027365,
1925-06-30,42.87701822991379,
1925-07-31,44.25966973135248,
1925-08-31,45.05159218533696,
1925-09-30,46.288842392945384,
1925-10-31,48.0153572304471,
1925-11-30,49.71002877474963,
1925-12-31,50.72369167798678,
1926-01-31,51.7032573529479,
1926-02-28,51.99447135187261,
1926-03-31,48.67813100765541,
1926-04-30,47.53433919100644,
1926-05-31,48.08555947888124,
1926-06-30,50.59694845252955,
1926-07-31,52.954970977954524,0.0022000000
1926-08-31,55.28381478879167,0.0025000000
1926-09-30,56.36094323051309,0.0023000000
1926-10-31,55.32956335720696,0.0032000000
1926-11-30,56.29368737307995,0.0031000000
1926-12-31,57.81946396412439,0.0028000000
1927-01-31,57.68255884590442,0.0025000000
1927-02-28,59.05406212473244,0.0026000000
1927-03-31,60.21770671149968,0.0030000000
1927-04-30,61.953144549657885,0.0025000000
1927-05-31,64.35224846359615,0.0030000000
1927-06-30,65.4503225445226,0.0026000000
1927-07-31,67.17071951057845,0.0030000000
1927-08-31,71.0188764830655,0.0028000000
1927-09-30,75.32741406134257,0.0021000000
1927-10-31,74.45166987769848,0.0025000000
1927-11-30,76.43172870193885,0.0021000000
1927-12-31,78.51127505241658,0.0022000000
1928-01-31,79.11708441847824,0.0025000000
1928-02-29,78.46390586500053,0.0033000000
1928-03-31,82.9752784356643,0.0029000000
1928-04-30,88.5057133522938,0.0022000000
1928-05-31,91.54840139212375,0.0032000000
1928-06-30,87.37150557860811,0.0031000000
1928-07-31,88.32725583263068,0.0032000000
1928-08-31,91.50172787995923,0.0032000000
1928-09-30,98.25179215017361,0.0027000000
1928-10-31,100.57105888764387,0.0041000000
1928-11-30,107.69612264409243,0.0038000000
1928-12-31,108.44725561859046,0.0006000000
1929-01-31,116.79355628498882,0.0034000000
1929-02-28,117.74491168111555,0.0036000000
1929-03-31,120.16357466616184,0.0034000000
1929-04-30,119.8052418147193,0.0036000000
1929-05-31,121.9615466021282,0.0044000000
1929-06-30,124.65094287852611,0.0052000000
1929-07-31,136.12296082094753,0.0033000000
1929-08-31,144.2363290089236,0.0040000000
1929-09-30,150.36198041256947,0.0035000000
1929-10-31,134.84138940991951,0.0046000000
1929-11-30,99.52922848191986,0.0037000000
1929-12-31,103.88584882484808,0.0037000000
1930-01-31,105.78346463352253,0.0014000000
1930-02-28,112.80471419364643,0.0030000000
1930-03-31,117.45499522505445,0.0035000000
1930-04-30,125.31039086609293,0.0021000000
1930-05-31,118.2287459766723,0.0026000000
1930-06-30,106.67872594104396,0.0027000000
1930-07-31,104.8015207581858,0.0020000000
1930-08-31,103.86294335263024,0.0009000000
1930-09-30,104.21993579260493,0.0022000000
1930-10-31,90.28478246722678,0.0009000000
1930-11-30,84.14622337358453,0.0013000000
1930-12-31,78.93982347170912,0.0014000000
1931-01-31,81.74194968990459,0.0015000000
1931-02-28,88.38893938587658,0.0004000000
1931-03-31,90.48732021432038,0.0013000000
1931-04-30,82.26564642913132,0.0008000000
1931-05-31,74.7243262654327,0.0009000000
1931-06-30,72.71672922340954,0.0008000000
1931-07-31,75.51578154926642,0.0006000000
1931-08-31,73.63328852317174,0.0003000000
1931-09-30,63.04739968153111,0.0003000000
1931-10-31,55.00290500238573,0.0010000000
1931-11-30,56.126797694601144,0.0017000000
1931-12-31,45.96203115671139,0.0012000000
1932-01-31,45.559636478328144,0.0023000000
1932-02-29,45.52610714746608,0.0023000000
1932-03-31,46.033182054940895,0.0016000000
1932-04-30,35.329863482850435,0.0011000000
1932-05-31,31.31995210641911,0.0006000000
1932-06-30,27.42627384999495,0.0002000000
1932-07-31,29.109654840861253,0.0002000000
1932-08-31,44.045396523821914,0.0003000000
1932-09-30,48.5981190064746,0.0003000000
1932-10-31,42.162153219930104,0.0002000000
1932-11-30,42.007548788705805,0.0002000000
1932-12-31,40.88536131515409,0.0001000000
1933-01-31,42.75128048074672,0.0001000000
1933-02-28,37.9324654853264,-0.0003000000
1933-03-31,38.0563782059118,0.0004000000
1933-04-30,42.33237575713784,0.0010000000
1933-05-31,54.740758999448374,0.0004000000
1933-06-30,64.36307768490195,0.0002000000
1933-07-31,69.80668254684686,0.0002000000
1933-08-31,66.5639559755849,0.0003000000
1933-09-30,66.23903819610395,0.0002000000
1933-10-31,60.025215378558286,0.0001000000
1933-11-30,61.703931044250076,0.0002000000
1933-12-31,63.1340153356642,0.0002000000
1934-01-31,66.97609272496463,0.0005000000
1934-02-28,72.16647514164937,0.0002000000
1934-03-31,68.70398249047372,0.0002000000
1934-04-30,70.09176242232856,0.0001000000
1934-05-31,63.20464768944228,0.0001000000
1934-06-30,64.28114546906623,0.0001000000
1934-07-31,61.481940859782,0.0001000000
1934-08-31,59.32147065179741,0.0001000000
1934-09-30,58.13042372502026,0.0001000000
1934-10-31,58.83321487446604,0.0001000000
1934-11-30,60.722670412129055,0.0001000000
1934-12-31,61.36619871269238,0.0001000000
1935-01-31,61.61471193642088,0.0001000000
1935-02-28,60.001151715623685,0.0002000000
1935-03-31,56.44317696188542,0.0001000000
1935-04-30,60.92119640655335,0.0001000000
1935-05-31,65.95490741457641,0.0001000000
1935-06-30,68.70584714263738,0.0001000000
1935-07-31,72.55301249647412,0.0001000000
1935-08-31,77.70779616993254,0.0001000000
1935-09-30,79.59866309520501,0.0001000000
1935-10-31,81.98113815339482,0.0001000000
1935-11-30,89.94770568927422,0.0002000000
1935-12-31,90.21787070508428,0.0001000000
1936-01-31,95.47596746396955,0.0001000000
1936-02-29,101.24083783470464,0.0001000000
1936-03-31,103.68778133792601,0.0002000000
1936-04-30,104.12776071456143,0.0002000000
1936-05-31,98.91048696585587,0.0002000000
1936-06-30,103.44417678124138,0.0003000000
1936-07-31,109.90503669933457,0.0001000000
1936-08-31,112.44194066342052,0.0002000000
1936-09-30,114.07743833007498,0.0001000000
1936-10-31,120.43086872041637,0.0002000000
1936-11-30,124.18814366810967,0.0001000000
1936-12-31,122.47125688928786,0.0000000000
1937-01-31,126.71276339253647,0.0001000000
1937-02-28,130.90290499041362,0.0002000000
1937-03-31,131.21010396678537,0.0001000000
1937-04-30,123.84812190341961,0.0003000000
1937-05-31,118.80609812810401,0.0006000000
1937-06-30,114.85808009800087,0.0003000000
1937-07-31,122.18766757451986,0.0003000000
1937-08-31,123.92875765062081,0.0002000000
1937-09-30,106.85832393799299,0.0004000000
1937-10-31,91.80000062731548,0.0002000000
1937-11-30,84.2185266341394,0.0002000000
1937-12-31,83.36631535272251,0.0000000000
1938-01-31,86.0602961942621,0.0000000000
1938-02-28,84.50463332480174,0.0000000000
1938-03-31,79.41445387181324,-0.0001000000
1938-04-30,76.67145026360602,0.0001000000
1938-05-31,77.85584780258586,0.0000000000
1938-06-30,80.13119405600146,0.0000000000
1938-07-31,96.52979111977672,-0.0001000000
1938-08-31,97.53311932388522,0.0000000000
1938-09-30,93.53196373829934,0.0002000000
1938-10-31,104.36442450316763,0.0001000000
1938-11-30,104.8172563603789,-0.0006000000
1938-12-31,102.11061335948925,0.0000000000
1939-01-31,100.92598339513432,-0.0001000000
1939-02-28,100.46620969505868,0.0001000000
1939-03-31,100.73628015122819,-0.0001000000
1939-04-30,88.40735531446057,0.0000000000
1939-05-31,92.03090519219843,0.0001000000
1939-06-30,94.03187396789701,0.0001000000
1939-07-31,96.70557117170863,0.0000000000
1939-08-31,95.68015627670543,-0.0001000000
1939-09-30,106.26522267011335,0.0001000000
1939-10-31,107.74921886245245,0.0000000000
1939-11-30,106.24574138995312,0.0000000000
1939-12-31,104.1633136778901,0.0000000000
1940-01-31,104.01127411520723,0.0000000000
1940-02-29,103.77637987378009,0.0000000000
1940-03-31,103.6277639451556,0.0000000000
1940-04-30,105.10376091133321,0.0000000000
1940-05-31,91.08659469655824,-0.0002000000
1940-06-30,83.71845254522196,0.0000000000
1940-07-31,86.9626269924054,0.0001000000
1940-08-31,89.27186122890537,-0.0001000000
1940-09-30,93.52394416162204,0.0000000000
1940-10-31,94.89498348101866,0.0000000000
1940-11-30,97.59974108722665,0.0000000000
1940-12-31,94.09604667812994,0.0000000000
1941-01-31,94.77617507794537,-0.0001000000
1941-02-28,89.35362060278061,-0.0001000000
1941-03-31,90.40767409826334,0.0001000000
1941-04-30,88.10836086140446,-0.0001000000
1941-05-31,86.71199186466241,0.0000000000
1941-06-30,90.27518347097806,0.0000000000
1941-07-31,95.4343523969288,0.0003000000
1941-08-31,95.50928216092454,0.0001000000
1941-09-30,96.33559491876474,0.0001000000
1941-10-31,93.02980777668041,0.0000000000
1941-11-30,89.23374602901042,0.0000000000
1941-12-31,83.98796995953552,0.0001000000
1942-01-31,86.17981708275663,0.0002000000
1942-02-28,84.03792131222221,0.0001000000
1942-03-31,80.03033257912489,0.0001000000
1942-04-30,77.25829579459938,0.0001000000
1942-05-31,78.69539207054058,0.0003000000
1942-06-30,83.21070145163716,0.0002000000
1942-07-31,86.84568968768875,0.0003000000
1942-08-31,86.87361047640749,0.0003000000
1942-09-30,88.30633397087675,0.0003000000
1942-10-31,95.3345550597647,0.0003000000
1942-11-30,97.38036096233478,0.0003000000
1942-12-31,98.40009547082806,0.0003000000
1943-01-31,104.79989159607538,0.0003000000
1943-02-28,111.54246803754735,0.0003000000
1943-03-31,116.02051379989042,0.0003000000
1943-04-30,120.41364225828735,0.0003000000
1943-05-31,125.66770488304799,0.0002000000
1943-06-30,128.40688740467874,0.0003000000
1943-07-31,131.58463331334622,0.0003000000
1943-08-31,125.6150833305627,0.0003000000
1943-09-30,128.82500879897572,0.0003000000
1943-10-31,128.18333078548574,0.0003000000
1943-11-30,122.79440411288073,0.0003000000
1943-12-31,124.97103337083925,0.0003000000
1944-01-31,129.55523957711802,0.0003000000
1944-02-29,129.24243655975002,0.0003000000
1944-03-31,133.43339067645672,0.0002000000
1944-04-30,131.6904243624475,0.0003000000
1944-05-31,134.5947270857255,0.0003000000
1944-06-30,141.5191252353837,0.0003000000
1944-07-31,145.79460845081928,0.0003000000
1944-08-31,144.2587809425545,0.0003000000
1944-09-30,142.49449192243998,0.0002000000
1944-10-31,146.60346007575902,0.0003000000
1944-11-30,146.1870805093161,0.0003000000
1944-12-31,149.98809664320365,0.0002000000
1945-01-31,155.06720977595145,0.0003000000
1945-02-28,160.8594001647229,0.0002000000
1945-03-31,161.36905751818597,0.0002000000
1945-04-30,166.05103842847072,0.0003000000
1945-05-31,172.96014150967403,0.0003000000
1945-06-30,176.7434014650982,0.0002000000
1945-07-31,173.75017661011276,0.0003000000
1945-08-31,174.98126655818504,0.0003000000
1945-09-30,187.5473521201855,0.0003000000
1945-10-31,196.0130312089439,0.0003000000
1945-11-30,203.08137991011486,0.0002000000
1945-12-31,207.19306277801329,0.0003000000
1946-01-31,216.10673529861813,0.0003000000
1946-02-28,217.37928356710685,0.0003000000
1946-03-31,211.56485890058215,0.0003000000
1946-04-30,225.88641998987808,0.0003000000
1946-05-31,227.05660687442733,0.0003000000
1946-06-30,226.28760945364053,0.0003000000
1946-07-31,220.5262199438883,0.0003000000
1946-08-31,216.9492021881444,0.0003000000
1946-09-30,185.66316610988233,0.0003000000
1946-10-31,182.19420036665258,0.0003000000
1946-11-30,182.17704426079092,0.0003000000
1946-12-31,188.36742601210779,0.0003000000
1947-01-31,190.10349910128554,0.0003000000
1947-02-28,198.2241087770883,0.0003000000
1947-03-31,190.94752756881545,0.0003000000
1947-04-30,184.6637805260064,0.0003000000
1947-05-31,182.16224716854563,0.0003000000
1947-06-30,189.3183187100343,0.0003000000
1947-07-31,202.00120023637476,0.0003000000
1947-08-31,198.8629444305465,0.0003000000
1947-09-30,194.56453775112382,0.0006000000
1947-10-31,200.47152551478774,0.0006000000
1947-11-30,199.02619826238606,0.0006000000
1947-12-31,196.81045145789324,0.0008000000
1948-01-31,195.11180245013318,0.0007000000
1948-02-29,186.4357816307461,0.0007000000
1948-03-31,190.01684717625395,0.0009000000
1948-04-30,205.57475336988077,0.0008000000
1948-05-31,216.53206571129482,0.0008000000
1948-06-30,226.4648317803011,0.0009000000
1948-07-31,222.04040528159567,0.0008000000
1948-08-31,216.52244991614182,0.0009000000
1948-09-30,215.06221382040874,0.0004000000
1948-10-31,221.94211226379645,0.0004000000
1948-11-30,210.64394729422185,0.0004000000
1948-12-31,210.33397418669276,0.0004000000
1949-01-31,213.78030696967636,0.0010000000
1949-02-28,206.68599843619498,0.0009000000
1949-03-31,209.78792100356284,0.0010000000
1949-04-30,210.67122171837045,0.0009000000
1949-05-31,210.30179249349345,0.0010000000
1949-06-30,199.98590619053118,0.0010000000
1949-07-31,212.51982363860364,0.0009000000
1949-08-31,221.39081047070616,0.0009000000
1949-09-30,225.54158651179634,0.0009000000
1949-10-31,232.6681206537553,0.0009000000
1949-11-30,237.23981494581426,0.0008000000
1949-12-31,244.97109383138547,0.0009000000
1950-01-31,251.4261463340968,0.0009000000
1950-02-28,257.78130959056693,0.0009000000
1950-03-31,261.33872162007066,0.0010000000
1950-04-30,270.2006398459962,0.0009000000
1950-05-31,280.7900614094674,0.0010000000
1950-06-30,286.88095211249265,0.0010000000
1950-07-31,267.64754120762854,0.0010000000
1950-08-31,285.4684708253008,0.0010000000
1950-09-30,297.25327430981423,0.0010000000
1950-10-31,311.3482284747388,0.0012000000
1950-11-30,312.58000218874264,0.0011000000
1950-12-31,313.24992907190057,0.0011000000
1951-01-31,338.3716085208163,0.0013000000
1951-02-28,352.97339635287244,0.0010000000
1951-03-31,349.0692966659391,0.0011000000
1951-04-30,355.81147410874325,0.0013000000
1951-05-31,358.0659612953035,0.0012000000
1951-06-30,353.98404199189144,0.0012000000
1951-07-31,362.34314380825117,0.0013000000
1951-08-31,380.31618161554167,0.0013000000
1951-09-30,392.2235617010727,0.0012000000
1951-10-31,392.2838791589393,0.0016000000
1951-11-30,383.3929368859055,0.0011000000
1951-12-31,397.1940696866201,0.0012000000
1952-01-31,412.42653012652096,0.0015000000
1952-02-29,406.9375547006091,0.0012000000
1952-03-31,409.9931559885364,0.0011000000
1952-04-30,410.8397749232741,0.0012000000
1952-05-31,412.7434133075016,0.0013000000
1952-06-30,426.15076185748893,0.0015000000
1952-07-31,440.49853668759647,0.0015000000
1952-08-31,444.377195387165,0.0015000000
1952-09-30,439.45045589634225,0.0016000000
1952-10-31,432.3519034403274,0.0014000000
1952-11-30,448.188366144753,0.0010000000
1952-12-31,468.377434575764,0.0016000000
1953-01-31,473.00904707204893,0.0016000000
1953-02-28,469.35036364836327,0.0014000000
1953-03-31,473.8424059918656,0.0018000000
1953-04-30,452.65309065143157,0.0016000000
1953-05-31,457.1971311051932,0.0017000000
1953-06-30,442.9940801321856,0.0018000000
1953-07-31,451.4716982279651,0.0015000000
1953-08-31,455.52980118308125,0.0017000000
1953-09-30,436.82176438445936,0.0016000000
1953-10-31,452.1990668622536,0.0013000000
1953-11-30,464.4614529056605,0.0008000000
1953-12-31,473.0081755594688,0.0013000000
1954-01-31,487.32203858243093,0.0011000000
1954-02-28,500.37492238052187,0.0007000000
1954-03-31,513.3073641676434,0.0008000000
1954-04-30,536.1414117696377,0.0009000000
1954-05-31,559.841640221929,0.0005000000
1954-06-30,566.6780867509182,0.0006000000
1954-07-31,591.9474908330152,0.0005000000
1954-08-31,606.1311296640761,0.0005000000
1954-09-30,622.7489453732196,0.0009000000
1954-10-31,639.6679979542041,0.0007000000
1954-11-30,667.2263815038333,0.0006000000
1954-12-31,700.315010371273,0.0008000000
1955-01-31,715.5126504806472,0.0008000000
1955-02-28,742.0317233135936,0.0009000000
1955-03-31,738.8046214997808,0.0010000000
1955-04-30,766.9455377235386,0.0010000000
1955-05-31,766.3474955562455,0.0014000000
1955-06-30,813.4459353873065,0.0010000000
1955-07-31,875.6551743809919,0.0010000000
1955-08-31,873.0626860282778,0.0016000000
1955-09-30,915.1417148505222,0.0016000000
1955-10-31,871.9140823213835,0.0018000000
1955-11-30,933.5363322889104,0.0017000000
1955-12-31,945.0973680688323,0.0018000000
1956-01-31,922.5826504436528,0.0022000000
1956-02-29,931.3940287208233,0.0019000000
1956-03-31,998.5635470723794,0.0015000000
1956-04-30,1013.4108104617153,0.0019000000
1956-05-31,984.6863787916784,0.0023000000
1956-06-30,982.1474366890785,0.0020000000
1956-07-31,1038.6333494555336,0.0022000000
1956-08-31,1035.699763840433,0.0017000000
1956-09-30,1003.7324032874425,0.0018000000
1956-10-31,994.1012830151997,0.0025000000
1956-11-30,986.9589211316244,0.0020000000
1956-12-31,1004.7526516808725,0.0024000000
1957-01-31,986.0319397393396,0.0027000000
1957-02-28,946.626347838685,0.0024000000
1957-03-31,961.9606639172772,0.0023000000
1957-04-30,987.3951980889107,0.0025000000
1957-05-31,1028.4727378688212,0.0026000000
1957-06-30,1048.5709741778223,0.0024000000
1957-07-31,1072.9383963958348,0.0030000000
1957-08-31,1017.1091790062421,0.0025000000
1957-09-30,979.093318185328,0.0026000000
1957-10-31,921.3784608093513,0.0029000000
1957-11-30,904.8082451990958,0.0028000000
1957-12-31,907.7046780368872,0.0024000000
1958-01-31,928.829930808342,0.0028000000
1958-02-28,935.3366156270176,0.0012000000
1958-03-31,957.9492737483932,0.0009000000
1958-04-30,966.5116515412002,0.0008000000
1958-05-31,1000.873206632197,0.0011000000
1958-06-30,1028.223536630365,0.0003000000
1958-07-31,1059.7978497011932,0.0007000000
1958-08-31,1102.7652230117192,0.0004000000
1958-09-30,1135.2278261000272,0.0019000000
1958-10-31,1184.7253012430383,0.0018000000
1958-11-30,1224.1450882278868,0.0011000000
1958-12-31,1250.629370057325,0.0022000000
1959-01-31,1303.8527604015696,0.0021000000
1959-02-28,1287.3716153277096,0.0019000000
1959-03-31,1323.510630455815,0.0022000000
1959-04-30,1349.1526080545711,0.0020000000
1959-05-31,1372.983955450434,0.0022000000
1959-06-30,1364.6732491408436,0.0024000000
1959-07-31,1422.37908447996,0.0025000000
1959-08-31,1417.8618880310942,0.0019000000
1959-09-30,1365.3683762113121,0.0031000000
1959-10-31,1367.7949066557835,0.0030000000
1959-11-30,1376.9601923714597,0.0026000000
1959-12-31,1424.659363809105,0.0034000000
1960-01-31,1403.5658136877043,0.0033000000
1960-02-29,1352.9815928114308,0.0029000000
1960-03-31,1338.468613493297,0.0035000000
1960-04-30,1359.680352857199,0.0019000000
1960-05-31,1351.195403388048,0.0027000000
1960-06-30,1405.0890628585692,0.0024000000
1960-07-31,1374.2315795099028,0.0013000000
1960-08-31,1394.7195413641648,0.0017000000
1960-09-30,1356.7726063996029,0.0016000000
1960-10-31,1334.0607131981499,0.0022000000
1960-11-30,1381.2978341149465,0.0013000000
1960-12-31,1418.4636357629824,0.0016000000
1961-01-31,1495.4358282555963,0.0019000000
1961-02-28,1560.8409670405351,0.0014000000
1961-03-31,1613.856502541054,0.0020000000
1961-04-30,1660.96507117158,0.0017000000
1961-05-31,1681.9489582168635,0.0018000000
1961-06-30,1663.7805371393831,0.0020000000
1961-07-31,1663.3297925721931,0.0018000000
1961-08-31,1727.198644617656,0.0014000000
1961-09-30,1717.8564677524378,0.0017000000
1961-10-31,1740.970653053002,0.0019000000
1961-11-30,1824.093467566415,0.0015000000
1961-12-31,1845.3506063157236,0.0019000000
1962-01-31,1781.0151394526836,0.0024000000
1962-02-28,1815.0378705442702,0.0020000000
1962-03-31,1821.2413608451905,0.0020000000
1962-04-30,1767.6212539979413,0.0022000000
1962-05-31,1640.6307411479738,0.0024000000
1962-06-30,1453.4041870237422,0.0020000000
1962-07-31,1492.9129145666418,0.0027000000
1962-08-31,1538.0587242677975,0.0023000000
1962-09-30,1528.9474171748461,0.0021000000
1962-10-31,1485.3123782380767,0.0026000000
1962-11-30,1592.304340219084,0.0020000000
1962-12-31,1665.9656544255881,0.0023000000
1963-01-31,1735.0632244545375,0.0025000000
1963-02-28,1762.7615869112967,0.0023000000
1963-03-31,1760.8674382603122,0.0023000000
1963-04-30,1848.5637268537184,0.0025000000
1963-05-31,1890.5554855778423,0.0024000000
1963-06-30,1894.6884364540226,0.0023000000
1963-07-31,1871.5449383626255,0.0027000000
1963-08-31,1928.2816934135499,0.0025000000
1963-09-30,1984.0863141314094,0.0027000000
1963-10-31,1994.0574259210034,0.0029000000
1963-11-30,1987.9973216668407,0.0027000000
1963-12-31,2035.6304164024548,0.0029000000
1964-01-31,2103.4588505191355,0.0030000000
1964-02-29,2134.6262914353415,0.0026000000
1964-03-31,2178.873562949889,0.0031000000
1964-04-30,2215.8025895627507,0.0029000000
1964-05-31,2242.8818416813174,0.0026000000
1964-06-30,2235.055465912319,0.0030000000
1964-07-31,2323.6331875175183,0.0030000000
1964-08-31,2295.1997204508434,0.0028000000
1964-09-30,2340.3573084467052,0.0028000000
1964-10-31,2386.5134980210346,0.0029000000
1964-11-30,2408.920754985365,0.0029000000
1964-12-31,2373.0670070130286,0.0031000000
1965-01-31,2440.0454524695133,0.0028000000
1965-02-28,2463.8767188872775,0.0030000000
1965-03-31,2472.184314740586,0.0036000000
1965-04-30,2510.739532901105,0.0031000000
1965-05-31,2554.28812981617,0.0031000000
1965-06-30,2439.204975669827,0.0035000000
1965-07-31,2441.7545864132003,0.0031000000
1965-08-31,2493.525118063671,0.0033000000
1965-09-30,2583.2351306937417,0.0031000000
1965-10-31,2647.7822902956214,0.0031000000
1965-11-30,2676.3200466797025,0.0035000000
1965-12-31,2670.7050507416516,0.0033000000
1966-01-31,2723.645550221268,0.0038000000
1966-02-28,2711.971115801117,0.0035000000
1966-03-31,2607.274420982816,0.0038000000
1966-04-30,2693.9016367567147,0.0034000000
1966-05-31,2559.0431611578506,0.0041000000
1966-06-30,2544.7656387195707,0.0038000000
1966-07-31,2545.2831079117345,0.0035000000
1966-08-31,2398.48356861281,0.0041000000
1966-09-30,2321.185880552225,0.0040000000
1966-10-31,2308.068316506972,0.0045000000
1966-11-30,2430.7500176442827,0.0040000000
1966-12-31,2448.1325264135007,0.0040000000
1967-01-31,2549.2726381649995,0.0043000000
1967-02-28,2644.386116010883,0.0036000000
1967-03-31,2714.0575374511113,0.0039000000
1967-04-30,2768.1343194449832,0.0032000000
1967-05-31,2825.093694275252,0.0033000000
1967-06-30,2797.0736304536426,0.0027000000
1967-07-31,2852.8199992994187,0.0032000000
1967-08-31,2905.6613508352,0.0031000000
1967-09-30,2953.7354035935773,0.0032000000
1967-10-31,2956.6127856100898,0.0039000000
1967-11-30,2871.411072121361,0.0036000000
1967-12-31,2960.7617656023663,0.0033000000
1968-01-31,2960.269858698323,0.0040000000
1968-02-29,2834.2777335043547,0.0039000000
1968-03-31,2790.110889484549,0.0038000000
1968-04-30,3003.9163812492775,0.0043000000
1968-05-31,3080.782222369408,0.0045000000
1968-06-30,3171.413523911303,0.0043000000
1968-07-31,3173.0000984729786,0.0048000000
1968-08-31,3111.671959240003,0.0042000000
1968-09-30,3220.854822553464,0.0043000000
1968-10-31,3308.406458604571,0.0044000000
1968-11-30,3367.5218333436774,0.0042000000
1968-12-31,3410.84060329031,0.0043000000
1969-01-31,3274.9407570308867,0.0053000000
1969-02-28,3267.154745917357,0.0046000000
1969-03-31,3204.6549876415984,0.0046000000
1969-04-30,3277.5638469190103,0.0053000000
1969-05-31,3392.747729397112,0.0048000000
1969-06-30,3224.110435868523,0.0051000000
1969-07-31,3088.5439471573604,0.0053000000
1969-08-31,3079.8025025206603,0.0050000000
1969-09-30,3099.1779854548663,0.0062000000
1969-10-31,3140.9149869190737,0.0060000000
1969-11-30,3172.253631708514,0.0052000000
1969-12-31,3012.778178027017,0.0064000000
1970-01-31,2995.041139543169,0.0060000000
1970-02-28,2899.326150293755,0.0062000000
1970-03-31,2957.677473017944,0.0057000000
1970-04-30,2876.4187181106972,0.0050000000
1970-05-31,2554.297387476495,0.0053000000
1970-06-30,2547.412941454503,0.0058000000
1970-07-31,2560.733949775257,0.0052000000
1970-08-31,2644.1152562660536,0.0053000000
1970-09-30,2811.267092334977,0.0054000000
1970-10-31,2881.206439377718,0.0046000000
1970-11-30,2887.1162364782504,0.0046000000
1970-12-31,3093.7384809770397,0.0042000000
1971-01-31,3220.8835170127513,0.0038000000
1971-02-28,3354.55586748884,0.0033000000
1971-03-31,3449.522741882532,0.0030000000
1971-04-30,3576.243840180166,0.0028000000
1971-05-31,3536.613879242884,0.0029000000
1971-06-30,3480.164973329116,0.0037000000
1971-07-31,3464.0434138779824,0.0040000000
1971-08-31,3411.480141581979,0.0047000000
1971-09-30,3496.2935233412795,0.0037000000
1971-10-31,3431.114176173542,0.0037000000
1971-11-30,3281.1026186632594,0.0037000000
1971-12-31,3516.1280676091483,0.0037000000
1972-01-31,3671.6302525762667,0.0029000000
1972-02-29,3748.2558371472155,0.0025000000
1972-03-31,3846.4456506250817,0.0027000000
1972-04-30,3894.868484682393,0.0029000000
1972-05-31,3864.6486487833176,0.0030000000
1972-06-30,3884.593872001659,0.0029000000
1972-07-31,3865.0310152990533,0.0031000000
1972-08-31,4011.2816677178007,0.0029000000
1972-09-30,3962.7367274147896,0.0034000000
1972-10-31,3979.3487383182655,0.0040000000
1972-11-30,4188.502575794423,0.0037000000
1972-12-31,4285.391264830502,0.0037000000
1973-01-31,4327.809556819241,0.0044000000
1973-02-28,4183.924906018061,0.0042000000
1973-03-31,4127.65685580067,0.0046000000
1973-04-30,4060.2906988511577,0.0052000000
1973-05-31,3956.0021199807197,0.0051000000
1973-06-30,3877.337214640929,0.0051000000
1973-07-31,3924.313763319525,0.0064000000
1973-08-31,3860.186130502852,0.0070000000
1973-09-30,3937.2596926942506,0.0068000000
1973-10-31,4104.129253158132,0.0065000000
1973-11-30,3822.9930664249505,0.0056000000
1973-12-31,3562.9420838182987,0.0064000000
1974-01-31,3623.5900393844536,0.0063000000
1974-02-28,3534.0465335730073,0.0058000000
1974-03-31,3695.779428260867,0.0056000000
1974-04-30,3517.8302785182154,0.0075000000
1974-05-31,3422.7126525578487,0.0075000000
1974-06-30,3438.4260094066985,0.0060000000
1974-07-31,3048.368828642526,0.0070000000
1974-08-31,2933.7010649458475,0.0060000000
1974-09-30,2640.0287006800927,0.0081000000
1974-10-31,2702.7911651420554,0.0051000000
1974-11-30,2803.9793420548003,0.0054000000
1974-12-31,2633.176585924615,0.0070000000
1975-01-31,2860.5690380887627,0.0058000000
1975-02-28,3169.8025894719835,0.0043000000
1975-03-31,3327.5342351798963,0.0041000000
1975-04-30,3377.059771154368,0.0044000000
1975-05-31,3603.793771754343,0.0044000000
1975-06-30,3708.1544663470445,0.0041000000
1975-07-31,3724.1736401329413,0.0048000000
1975-08-31,3463.62107304792,0.0048000000
1975-09-30,3434.087416132518,0.0053000000
1975-10-31,3604.7710649206483,0.0056000000
1975-11-30,3678.33574483308,0.0041000000
1975-12-31,3634.910664243844,0.0048000000
1976-01-31,3981.884572304429,0.0047000000
1976-02-29,4148.264634594676,0.0034000000
1976-03-31,4181.562086805761,0.0040000000
1976-04-30,4227.4494227579,0.0042000000
1976-05-31,4211.327414484569,0.0037000000
1976-06-30,4249.334783113316,0.0043000000
1976-07-31,4362.699076320309,0.0047000000
1976-08-31,4338.345557804061,0.0042000000
1976-09-30,4444.214348642697,0.0044000000
1976-10-31,4306.312659188932,0.0041000000
1976-11-30,4290.758552276551,0.0040000000
1976-12-31,4453.463946983678,0.0040000000
1977-01-31,4429.703171371028,0.0036000000
1977-02-28,4324.946985984844,0.0035000000
1977-03-31,4322.770238739422,0.0038000000
1977-04-30,4271.373496069768,0.0038000000
1977-05-31,4274.332228982876,0.0037000000
1977-06-30,4312.995690484408,0.0040000000
1977-07-31,4368.476153152247,0.0042000000
1977-08-31,4277.841644672907,0.0044000000
1977-09-30,4227.732911341444,0.0043000000
1977-10-31,4135.0207671160115,0.0049000000
1977-11-30,4175.799472334766,0.0050000000
1977-12-31,4172.662160116299,0.0049000000
1978-01-31,4031.354591367417,0.0049000000
1978-02-28,3992.331488386513,0.0046000000
1978-03-31,4003.099745941163,0.0053000000
1978-04-30,4196.5869190522635,0.0054000000
1978-05-31,4427.718813458452,0.0051000000
1978-06-30,4457.680877427292,0.0054000000
1978-07-31,4455.043629251012,0.0056000000
1978-08-31,4781.655648316972,0.0056000000
1978-09-30,4800.908063583695,0.0062000000
1978-10-31,4667.81905997341,0.0068000000
1978-11-30,4414.063740996782,0.0070000000
1978-12-31,4499.003358439149,0.0078000000
1979-01-31,4687.469555095219,0.0077000000
1979-02-28,4638.094930627749,0.0073000000
1979-03-31,4746.850694211982,0.0081000000
1979-04-30,4862.426431635299,0.0080000000
1979-05-31,4770.564711089805,0.0082000000
1979-06-30,4886.085755683026,0.0081000000
1979-07-31,4955.736379645102,0.0077000000
1979-08-31,5204.4614670219225,0.0077000000
1979-09-30,5284.8624817708405,0.0083000000
1979-10-31,5107.875835594856,0.0087000000
1979-11-30,5091.596334705026,0.0099000000
1979-12-31,5316.02100439208,0.0095000000
1980-01-31,5492.317619333654,0.0080000000
1980-02-29,5733.958133770072,0.0089000000
1980-03-31,5230.848479650611,0.0121000000
1980-04-30,5170.2576931937865,0.0126000000
1980-05-31,5430.834205060421,0.0081000000
1980-06-30,5803.731316912062,0.0061000000
1980-07-31,6092.328229270796,0.0053000000
1980-08-31,6306.028719775194,0.0064000000
1980-09-30,6485.039939910783,0.0075000000
1980-10-31,6700.7807284256005,0.0095000000
1980-11-30,7010.1300077019305,0.0096000000
1980-12-31,6922.998448284166,0.0131000000
1981-01-31,6923.8627427221545,0.0104000000
1981-02-28,6711.46153978752,0.0107000000
1981-03-31,6989.711905287018,0.0121000000
1981-04-30,7080.304719937233,0.0108000000
1981-05-31,6965.9580182137415,0.0115000000
1981-06-30,7025.858910056014,0.0135000000
1981-07-31,6884.391718544095,0.0124000000
1981-08-31,6939.836001801911,0.0128000000
1981-09-30,6363.836753401326,0.0124000000
1981-10-31,6473.920325595711,0.0121000000
1981-11-30,6671.1341049589,0.0107000000
1981-12-31,6749.977248062665,0.0087000000
1982-01-31,6425.836579728801,0.0080000000
1982-02-28,6302.989703939868,0.0092000000
1982-03-31,6130.139156600382,0.0098000000
1982-04-30,6465.554035994695,0.0113000000
1982-05-31,6502.523884953737,0.0106000000
1982-06-30,6159.940313437596,0.0096000000
1982-07-31,6175.023510346221,0.0105000000
1982-08-31,6224.114523920051,0.0076000000
1982-09-30,6977.069733532835,0.0051000000
1982-10-31,7596.762873371125,0.0059000000
1982-11-30,7938.642630169759,0.0063000000
1982-12-31,8046.282806310186,0.0067000000
1983-01-31,8362.224131537469,0.0069000000
1983-02-28,8540.405134221332,0.0062000000
1983-03-31,8870.608922647656,0.0063000000
1983-04-30,9242.991517974073,0.0071000000
1983-05-31,9651.95139950016,0.0069000000
1983-06-30,9821.247764185686,0.0067000000
1983-07-31,9890.893631744215,0.0074000000
1983-08-31,9652.90017319995,0.0076000000
1983-09-30,9972.880341092354,0.0076000000
1983-10-31,10037.646405109715,0.0076000000
1983-11-30,9923.224019633062,0.0070000000
1983-12-31,9910.659808429835,0.0073000000
1984-01-31,10066.995845148374,0.0076000000
1984-02-29,9552.504195510259,0.0071000000
1984-03-31,9594.912536874095,0.0073000000
1984-04-30,9643.798077780213,0.0081000000
1984-05-31,9619.661403311358,0.0078000000
1984-06-30,9442.082617614853,0.0075000000
1984-07-31,9356.426143033685,0.0082000000
1984-08-31,10217.951486041542,0.0083000000
1984-09-30,10361.83565690642,0.0086000000
1984-10-31,10319.36315173036,0.0100000000
1984-11-30,10452.320965800996,0.0073000000
1984-12-31,10378.626760555044,0.0064000000
1985-01-31,10866.397665014923,0.0065000000
1985-02-28,11495.50399005322,0.0058000000
1985-03-31,11440.748364819594,0.0062000000
1985-04-30,11558.124820452635,0.0072000000
1985-05-31,11874.455049160968,0.0066000000
1985-06-30,12172.761396934646,0.0055000000
1985-07-31,12446.489199871476,0.0062000000
1985-08-31,12216.992480463874,0.0055000000
1985-09-30,11986.883080584008,0.0060000000
1985-10-31,12166.263107129413,0.0065000000
1985-11-30,12947.50882437383,0.0061000000
1985-12-31,13633.125852837507,0.0065000000
1986-01-31,13735.829172696878,0.0056000000
1986-02-28,14518.613097452157,0.0053000000
1986-03-31,15416.486306403523,0.0060000000
1986-04-30,15839.265414318988,0.0052000000
1986-05-31,15917.315557572943,0.0049000000
1986-06-30,16416.1915902474,0.0052000000
1986-07-31,16120.299329117986,0.0052000000
1986-08-31,16488.222175449482,0.0046000000
1986-09-30,16083.475578714044,0.0045000000
1986-10-31,16069.114681840565,0.0046000000
1986-11-30,16636.922388252377,0.0039000000
1986-12-31,16921.331628590106,0.0049000000
1987-01-31,18050.668289642763,0.0042000000
1987-02-28,19217.194149621184,0.0043000000
1987-03-31,20058.331216440667,0.0047000000
1987-04-30,19886.89248809502,0.0044000000
1987-05-31,19921.60690464009,0.0038000000
1987-06-30,20818.11366987484,0.0048000000
1987-07-31,21468.343977596374,0.0046000000
1987-08-31,22854.1825233461,0.0047000000
1987-09-30,22161.87332092112,0.0045000000
1987-10-31,19535.119958919153,0.0060000000
1987-11-30,17131.923724144195,0.0035000000
1987-12-31,16903.55634633834,0.0039000000
1988-01-31,17621.64578059439,0.0029000000
1988-02-29,18208.467278504555,0.0046000000
1988-03-31,18797.25004937574,0.0044000000
1988-04-30,18631.252067143978,0.0046000000
1988-05-31,18224.102391016495,0.0051000000
1988-06-30,19317.773874803806,0.0049000000
1988-07-31,19258.939645088005,0.0051000000
1988-08-31,18928.434782316494,0.0059000000
1988-09-30,19293.676290282696,0.0062000000
1988-10-31,20027.687886711825,0.0061000000
1988-11-30,19623.620499523782,0.0057000000
1988-12-31,20080.72051577191,0.0063000000
1989-01-31,20786.47087386217,0.0055000000
1989-02-28,21472.89946440346,0.0061000000
1989-03-31,21438.87636122715,0.0067000000
1989-04-30,22203.597369940897,0.0067000000
1989-05-31,23117.994955939015,0.0079000000
1989-06-30,23903.38568932319,0.0071000000
1989-07-31,24573.05032527338,0.0070000000
1989-08-31,25726.47270833148,0.0074000000
1989-09-30,25844.800132574208,0.0065000000
1989-10-31,25919.196023194814,0.0068000000
1989-11-30,25449.925397958807,0.0069000000
1989-12-31,26147.267318156653,0.0061000000
1990-01-31,25569.592225991793,0.0057000000
1990-02-28,24923.965725810547,0.0057000000
1990-03-31,25599.264782042224,0.0064000000
1990-04-30,25650.1712362429,0.0069000000
1990-05-31,26638.677092394733,0.0068000000
1990-06-30,27483.78801399833,0.0063000000
1990-07-31,27530.858357395595,0.0068000000
1990-08-31,25366.95580548515,0.0066000000
1990-09-30,24266.0593233751,0.0060000000
1990-10-31,23704.73343755525,0.0068000000
1990-11-30,24412.59576618448,0.0057000000
1990-12-31,25532.800115346436,0.0060000000
1991-01-31,25357.964832873462,0.0052000000
1991-02-28,28301.24958260134,0.0048000000
1991-03-31,29162.893701525427,0.0044000000
1991-04-30,29821.764010006267,0.0053000000
1991-05-31,29768.484678498713,0.0047000000
1991-06-30,29871.85020705907,0.0042000000
1991-07-31,30105.280710982435,0.0049000000
1991-08-31,30912.067475553125,0.0046000000
1991-09-30,30818.659156610564,0.0046000000
1991-10-31,30874.462924061132,0.0042000000
1991-11-30,30879.1626980971,0.0039000000
1991-12-31,31167.748018365037,0.0038000000
1992-01-31,33461.3464221257,0.0034000000
1992-02-29,33260.56333177311,0.0028000000
1992-03-31,32924.10943988361,0.0034000000
1992-04-30,33011.12900774399,0.0032000000
1992-05-31,33693.914851092435,0.0028000000
1992-06-30,33246.08142403179,0.0032000000
1992-07-31,33881.94893440085,0.0031000000
1992-08-31,34201.18116607172,0.0026000000
1992-09-30,34330.75279332895,0.0026000000
1992-10-31,33924.85325117159,0.0023000000
1992-11-30,34860.10525655959,0.0023000000
1992-12-31,36000.4950161882,0.0028000000
1993-01-31,36052.09773657369,0.0023000000
1993-02-28,36673.95562649499,0.0022000000
1993-03-31,37462.732122876485,0.0025000000
1993-04-30,36960.16996536048,0.0024000000
1993-05-31,37228.122438879895,0.0022000000
1993-06-30,37550.306302172765,0.0025000000
1993-07-31,37573.21339137792,0.0024000000
1993-08-31,38235.4284321092,0.0025000000
1993-09-30,38753.50769638502,0.0026000000
1993-10-31,39234.93083332404,0.0022000000
1993-11-30,39238.03196315926,0.0025000000
1993-12-31,39586.28514350156,0.0023000000
1994-01-31,40273.762147860936,0.0025000000
1994-02-28,40243.58244135842,0.0021000000
1994-03-31,39670.89493446624,0.0027000000
1994-04-30,38343.66567539578,0.0027000000
1994-05-31,38749.74446835331,0.0032000000
1994-06-30,39179.437798009036,0.0031000000
1994-07-31,38976.36077008914,0.0028000000
1994-08-31,40177.858466402366,0.0037000000
1994-09-30,40506.44268141494,0.0037000000
1994-10-31,40327.265834930695,0.0038000000
1994-11-30,40178.7060745415,0.0037000000
1994-12-31,39767.12294307576,0.0044000000
1995-01-31,40741.95721778849,0.0042000000
1995-02-28,42297.93072987463,0.0040000000
1995-03-31,43379.91060427811,0.0046000000
1995-04-30,44775.35197376262,0.0044000000
1995-05-31,46274.78910053428,0.0054000000
1995-06-30,47745.98951255563,0.0047000000
1995-07-31,49440.35910423138,0.0045000000
1995-08-31,49694.56695383376,0.0047000000
1995-09-30,51542.56264564478,0.0043000000
1995-10-31,52013.4427879964,0.0047000000
1995-11-30,53240.640716490154,0.0042000000
1995-12-31,55045.560987283134,0.0049000000
1996-01-31,55135.824977103584,0.0043000000
1996-02-29,58392.03431271109,0.0039000000
1996-03-31,58275.61702596207,0.0039000000
1996-04-30,58390.87003413513,0.0046000000
1996-05-31,59766.29876553691,0.0042000000
1996-06-30,60530.89366036544,0.0040000000
1996-07-31,58427.47906091849,0.0045000000
1996-08-31,60225.54654512561,0.0041000000
1996-09-30,61445.33167602815,0.0044000000
1996-10-31,63977.17773017737,0.0042000000
1996-11-30,67209.9651516214,0.0041000000
1996-12-31,68015.90247303712,0.0046000000
1997-01-31,70231.9542223496,0.0045000000
1997-02-28,73295.29258855255,0.0039000000
1997-03-31,72838.56833019755,0.0043000000
1997-04-30,70358.49075283948,0.0043000000
1997-05-31,76844.27374644573,0.0049000000
1997-06-30,80945.57439625083,0.0037000000
1997-07-31,85588.98794151086,0.0043000000
1997-08-31,85887.09345503982,0.0041000000
1997-09-30,86911.31214262782,0.0044000000
1997-10-31,88341.76806769756,0.0042000000
1997-11-30,87324.47072664526,0.0039000000
1997-12-31,89625.57513017459,0.0048000000
1998-01-31,89838.45492396672,0.0043000000
1998-02-28,95590.44369214297,0.0039000000
1998-03-31,100669.35324654933,0.0039000000
1998-04-30,104098.6815067822,0.0043000000
1998-05-31,103868.51066735997,0.0040000000
1998-06-30,103990.2537852894,0.0041000000
1998-07-31,108636.71281270451,0.0040000000
1998-08-31,101064.16105505332,0.0043000000
1998-09-30,96114.02787575951,0.0046000000
1998-10-31,97354.93178994585,0.0032000000
1998-11-30,108039.16652364789,0.0031000000
1998-12-31,112473.33868936857,0.0038000000
1999-01-31,118151.29719522223,0.0035000000
1999-02-28,118073.1354045223,0.0035000000
1999-03-31,121525.67289090452,0.0043000000
1999-04-30,126690.54085414099,0.0037000000
1999-05-31,126565.33037549557,0.0034000000
1999-06-30,125791.0452617616,0.0040000000
1999-07-31,131480.30550913248,0.0038000000
1999-08-31,126518.23416060675,0.0039000000
1999-09-30,125762.13707185973,0.0039000000
1999-10-31,124161.98263337013,0.0039000000
1999-11-30,132985.00320766686,0.0036000000
1999-12-31,136720.32664128265,0.0044000000
2000-01-31,136557.9076415031,0.0041000000
2000-02-29,133174.08338615042,0.0043000000
2000-03-31,138422.59866183973,0.0047000000
2000-04-30,140394.49754584933,0.0046000000
2000-05-31,136408.82685449417,0.0050000000
2000-06-30,140723.9327488359,0.0040000000
2000-07-31,141919.63227181174,0.0048000000
2000-08-31,143252.3300934545,0.0050000000
2000-09-30,141704.76787893864,0.0051000000
2000-10-31,134315.74119817355,0.0056000000
2000-11-30,133277.85132379748,0.0051000000
2000-12-31,128852.7134305257,0.0050000000
2001-01-31,129438.19635184472,0.0054000000
2001-02-28,126672.25519370564,0.0038000000
2001-03-31,115169.72887694897,0.0042000000
2001-04-30,115685.73272890452,0.0039000000
2001-05-31,123643.3832786616,0.0032000000
2001-06-30,120689.2157597769,0.0028000000
2001-07-31,117478.74377003494,0.0030000000
2001-08-31,115075.45296218964,0.0031000000
2001-09-30,102132.67867477631,0.0028000000
2001-10-31,105384.61533607032,0.0022000000
2001-11-30,110709.85402053497,0.0017000000
2001-12-31,112332.91515200888,0.0015000000
2002-01-31,111998.48490498011,0.0014000000
2002-02-28,108243.40677449855,0.0013000000
2002-03-31,113596.30894642558,0.0013000000
2002-04-30,109604.89155353032,0.0015000000
2002-05-31,106514.47536651707,0.0014000000
2002-06-30,100208.64735686408,0.0013000000
2002-07-31,89427.04203681728,0.0015000000
2002-08-31,90444.76919435398,0.0014000000
2002-09-30,86140.99037567794,0.0014000000
2002-10-31,84964.15071600323,0.0014000000
2002-11-30,90594.26136267504,0.0012000000
2002-12-31,89657.3019321248,0.0011000000
2003-01-31,89458.21415638342,0.0010000000
2003-02-28,83720.03252689468,0.0009000000
2003-03-31,84815.42204645436,0.0010000000
2003-04-30,89298.50638839629,0.0010000000
2003-05-31,94042.09274108184,0.0009000000
2003-06-30,99406.28803384487,0.0010000000
2003-07-31,99999.82473508608,0.0007000000
2003-08-31,99834.6763487457,0.0007000000
2003-09-30,102991.80812811888,0.0008000000
2003-10-31,105082.55094807477,0.0007000000
2003-11-30,106356.91392630145,0.0007000000
2003-12-31,109617.73917492137,0.0008000000
2004-01-31,115029.10743124921,0.0007000000
2004-02-29,116280.86271283418,0.0006000000
2004-03-31,114462.61821952708,0.0009000000
2004-04-30,115572.41392516153,0.0008000000
2004-05-31,112610.48728556815,0.0006000000
2004-06-30,115830.17631158781,0.0008000000
2004-07-31,113238.58456353948,0.0010000000
2004-08-31,111668.91265441118,0.0011000000
2004-09-30,114777.83435989807,0.0011000000
2004-10-31,114896.38976424477,0.0011000000
2004-11-30,120382.22390047288,0.0015000000
2004-12-31,123666.38657792944,0.0016000000
2005-01-31,122000.11599589544,0.0016000000
2005-02-28,124053.45628495167,0.0016000000
2005-03-31,123738.65972558965,0.0021000000
2005-04-30,120759.90989283657,0.0021000000
2005-05-31,122375.12253091829,0.0024000000
2005-06-30,125045.7732222767,0.0023000000
2005-07-31,127307.89953774646,0.0024000000
2005-08-31,127704.1396115657,0.0030000000
2005-09-30,128062.88059202545,0.0029000000
2005-10-31,124704.40564175656,0.0027000000
2005-11-30,129646.8030735954,0.0031000000
2005-12-31,132428.78316007648,0.0032000000
2006-01-31,134372.84132977008,0.0035000000
2006-02-28,134352.11661824118,0.0034000000
2006-03-31,136350.41119732396,0.0037000000
2006-04-30,137440.87161017483,0.0036000000
2006-05-31,136361.64776673345,0.0043000000
2006-06-30,132673.92181751181,0.0040000000
2006-07-31,133631.16893995594,0.0040000000
2006-08-31,136695.61760240496,0.0042000000
2006-09-30,140157.56788621732,0.0041000000
2006-10-31,145227.848261053,0.0041000000
2006-11-30,148137.09922734497,0.0042000000
2006-12-31,151321.78798920335,0.0040000000
2007-01-31,152371.99570285034,0.0044000000
2007-02-28,154805.7388543896,0.0038000000
2007-03-31,150977.8290915467,0.0043000000
2007-04-30,157291.12167948528,0.0044000000
2007-05-31,162628.07813493264,0.0041000000
2007-06-30,163191.01761905994,0.0040000000
2007-07-31,164131.1702047308,0.0040000000
2007-08-31,157238.27122389292,0.0042000000
2007-09-30,162075.37684150014,0.0032000000
2007-10-31,166926.33239179244,0.0032000000
2007-11-30,158905.59400127453,0.0034000000
2007-12-31,160875.4584232751,0.0027000000
2008-01-31,150202.7762079156,0.0021000000
2008-02-29,147855.3812150669,0.0013000000
2008-03-31,143973.48676360273,0.0017000000
2008-04-30,150084.68235144284,0.0018000000
2008-05-31,153932.00600811854,0.0018000000
2008-06-30,147396.40639583487,0.0017000000
2008-07-31,138437.38509914197,0.0015000000
2008-08-31,141359.58265695133,0.0013000000
2008-09-30,134507.55469188874,0.0015000000
2008-10-31,107344.2449215363,0.0008000000
2008-11-30,98105.48332906442,0.0003000000
2008-12-31,97759.50033169102,0.0000000000
2009-01-31,96684.99295722925,0.0000000000
2009-02-28,90201.16891462222,0.0001000000
2009-03-31,85067.5186084046,0.0002000000
2009-04-30,95544.11364823524,0.0001000000
2009-05-31,101901.95555612903,0.0000000000
2009-06-30,104820.14272876593,0.0001000000
2009-07-31,106154.05584528553,0.0001000000
2009-08-31,114769.2308845674,0.0001000000
2009-09-30,118953.36592156974,0.0001000000
2009-10-31,121807.23064091892,0.0000000000
2009-11-30,124353.54880076186,0.0000000000
2009-12-31,127116.75146798955,0.0001000000
2010-01-31,128840.06315596854,0.0000000000
2010-02-28,125104.04380323822,0.0000000000
2010-03-31,132537.39445394752,0.0001000000
2010-04-30,137955.87803973746,0.0001000000
2010-05-31,129841.2142242442,0.0001000000
2010-06-30,125240.65638463938,0.0001000000
2010-07-31,125042.42778414792,0.0001000000
2010-08-31,126123.30584243107,0.0001000000
2010-09-30,130376.1162504659,0.0001000000
2010-10-31,136345.22670894727,0.0001000000
2010-11-30,139742.698094083,0.0001000000
2010-12-31,144933.6035210793,0.0001000000
2011-01-31,149953.7547238311,0.0001000000
2011-02-28,154680.8668034126,0.0001000000
2011-03-31,152962.37913953114,0.0001000000
2011-04-30,156362.61147450368,0.0000000000
2011-05-31,157396.37671518666,0.0000000000
2011-06-30,151634.54961789865,0.0000000000
2011-07-31,156340.60107598847,0.0000000000
2011-08-31,140082.91988968567,0.0001000000
2011-09-30,138980.08002998322,0.0000000000
2011-10-31,143179.86884998114,0.0000000000
2011-11-30,145714.1506046222,0.0000000000
2011-12-31,147983.76832279772,0.0000000000
2012-01-31,155064.21955925095,0.0000000000
2012-02-29,161521.9830843361,0.0000000000
2012-03-31,166183.06627025915,0.0000000000
2012-04-30,166122.7902915837,0.0000000000
2012-05-31,160991.24271199168,0.0001000000
2012-06-30,159139.19586456646,0.0000000000
2012-07-31,163792.0318645903,0.0000000000
2012-08-31,169345.06519684326,0.0001000000
2012-09-30,174465.51762658122,0.0001000000
2012-10-31,174092.26575882293,0.0001000000
2012-11-30,169157.99141126135,0.0001000000
2012-12-31,172843.6764217943,0.0001000000
