date,month_end,month_avg
1993-01-31,24.1132736206,24.1132736206
1993-02-28,24.3705158234,24.3073333941
1993-03-31,24.9163894653,24.8076413196
1993-04-30,24.2788486481,24.4585401444
1993-05-31,24.9336299896,24.6269099236
1993-06-30,25.0235710144,24.8798829859
1993-07-31,24.9020919800,24.8781320481
1993-08-31,25.8565368652,25.3075341311
1993-09-30,25.6683998108,25.6502589271
1993-10-31,26.1747779846,25.9560996464
1993-11-30,25.8953952789,25.9278351920
1993-12-31,26.2133235931,26.1846815456
1994-01-31,27.1275367737,26.6109812600
1994-02-28,26.3363933563,26.5954726370
1994-03-31,25.2328510284,26.2163355454
1994-04-30,25.5157661438,25.3166156568
1994-05-31,25.9224815369,25.5780883062
1994-06-30,25.3284931183,25.8847612034
1994-07-31,26.1472492218,25.7236264229
1994-08-31,27.1440143585,26.5206529369
1994-09-30,26.4584922791,26.7169688089
1994-10-31,27.2106189728,26.6175278255
1994-11-30,26.1271991730,26.5267141433
1994-12-31,26.3174743652,26.2749413990
1995-01-31,27.2019348145,26.8946542286
1995-02-28,28.3120422363,27.9472287831
1995-03-31,29.1004657745,28.6386484892
1995-04-30,29.9624881744,29.5541704077
1995-05-31,31.1512050629,30.5349926515
1995-06-30,31.7813796997,31.4916169427
1995-07-31,32.8036422729,32.5987351418
1995-08-31,32.9496955872,32.7623710632
1995-09-30,34.3459625244,34.0067970276
1995-10-31,34.2450180054,34.2992513830
1995-11-30,35.7682533264,35.1206861223
1995-12-31,36.3310050964,36.3198795319
1996-01-31,37.6235923767,36.3230207617
1996-02-29,37.7435951233,38.4429965973
1996-03-31,38.3934974670,38.4088973999
1996-04-30,38.8108024597,38.4080587115
1996-05-31,39.6918220520,39.3727149963
1996-06-30,40.0419921875,39.8754375458
1996-07-31,38.2426528931,38.4600429535
1996-08-31,38.9791679382,39.6398214860
1996-09-30,41.1570243835,40.4756105423
1996-10-31,42.4876899719,42.1385222725
1996-11-30,45.5894508362,44.2948696136
1996-12-31,44.5045509338,44.7796596345
1997-01-31,47.2542762756,46.1991660378
1997-02-28,47.7062988281,48.1979723479
1997-03-31,45.6013717651,47.8841772079
1997-04-30,48.4561882019,46.2282841422
1997-05-31,51.5189895630,50.5421549479
1997-06-30,53.6365318298,53.2213430859
1997-07-31,57.8879585266,56.2751241164
1997-08-31,54.8891830444,56.4057410104
1997-09-30,57.5288238525,57.0736178444
1997-10-31,56.1192016602,57.9884943755
1997-11-30,58.2907752991,57.3398395338
1997-12-31,59.4024887085,58.9033071345
1998-01-31,60.1674766541,58.9396766663
1998-02-28,64.3367919922,62.7519095571
1998-03-31,67.4753723145,66.0900684703
1998-04-30,68.3384704590,68.2841139294
1998-05-31,66.9191131592,68.1351573944
1998-06-30,69.7680664062,68.2570904818
1998-07-31,68.8253097534,71.2356817072
1998-08-31,59.1085243225,66.2625654311
1998-09-30,62.8701858521,63.0874463036
1998-10-31,67.9677734375,63.9541319067
1998-11-30,71.7523727417,70.8873054504
1998-12-31,76.4465026855,73.7585393732
1999-01-31,79.1394119263,77.4865774857
1999-02-28,76.6015625000,77.2785720825
1999-03-31,79.7780685425,79.6849010302
1999-04-30,82.8075714111,83.1580625262
1999-05-31,80.9141006470,82.9915863037
1999-06-30,85.3950271606,82.4437432723
1999-07-31,82.7458877563,86.1180550711
1999-08-31,82.3173980713,82.9384710138
1999-09-30,80.4785995483,82.4127876645
1999-10-31,85.6355361938,81.3715987433
1999-11-30,87.0614318848,87.0977587019
1999-12-31,92.0335159302,89.6585904902
2000-01-31,87.4513854980,89.4565578461
2000-02-29,86.1198501587,87.1429954529
2000-03-31,94.4661254883,90.7290602974
2000-04-30,91.1483764648,91.9295477616
2000-05-31,89.7153320312,89.2151780562
2000-06-30,91.4811019897,92.1541720304
2000-07-31,90.0446243286,92.8796730042
2000-08-31,95.9282531738,93.7996275529
2000-09-30,90.6653747559,92.6432117462
2000-10-31,90.2412719727,87.8744645552
2000-11-30,83.5044631958,86.9778427851
2000-12-31,83.0680389404,84.1544216156
2001-01-31,86.7611770630,84.6868020921
2001-02-28,78.4852447510,82.9079967298
2001-03-31,74.0871505737,75.3856919029
2001-04-30,80.4171905518,75.7042724609
2001-05-31,79.9664001465,80.9020025080
2001-06-30,78.0608139038,78.9668931507
2001-07-31,77.2649841309,76.8574549357
2001-08-31,72.6806106567,75.3216025311
2001-09-30,66.7477035522,66.8878590902
2001-10-31,67.6168594360,68.9447844132
2001-11-30,72.8894424438,72.5163196382
2001-12-31,73.3004913330,73.5431663513
2002-01-31,72.5822067261,73.3163452148
2002-02-28,71.2803878784,70.8463178936
2002-03-31,73.6519317627,74.3282657623
2002-04-30,69.3686523438,71.6830534502
2002-05-31,68.9570465088,69.6767633612
2002-06-30,63.8675117493,65.6090147018
2002-07-31,58.8334732056,58.4315752550
2002-08-31,59.2335853577,59.1720045263
2002-09-30,53.0228309631,56.3468700409
2002-10-31,57.3857612610,55.6883853415
2002-11-30,60.9253311157,59.2936439514
2002-12-31,57.4788208008,58.6844397045
2003-01-31,56.0651435852,58.5487845285
2003-02-28,55.3094596863,54.9096515053
2003-03-31,55.4278182983,55.5125761486
2003-04-30,60.1176605225,58.4048670814
2003-05-31,63.4142684937,61.4918650673
2003-06-30,64.0897293091,64.9898745219
2003-07-31,65.2451019287,65.3889236450
2003-08-31,66.5908355713,65.2572918846
2003-09-30,65.8645858765,67.3302710397
2003-10-31,69.3901138306,68.7236815743
2003-11-30,70.1479187012,69.5031858745
2003-12-31,73.6772918701,71.6792685769
2004-01-31,75.1338729858,75.2007396698
2004-02-29,76.1534805298,75.9715865286
2004-03-31,75.1447906494,74.8004389224
2004-04-30,73.7229461670,75.5193899245
2004-05-31,74.9853286743,73.5953834534
2004-06-30,76.3726272583,75.7080586751
2004-07-31,73.9120178223,73.9901537214
2004-08-31,74.0920715332,72.9793770530
2004-09-30,74.8357238770,75.0302414667
2004-10-31,75.8000030518,75.1188979376
2004-11-30,79.1744384766,78.6733405704
2004-12-31,81.5592498779,80.7992432334
2005-01-31,79.7305908203,79.6715579987
2005-02-28,81.3972625732,81.0240229556
2005-03-31,79.9083023071,80.8385807384
2005-04-30,78.4111862183,78.8876429967
2005-05-31,80.9379959106,79.9492499942
2005-06-30,81.0605773926,81.7183844826
2005-07-31,84.1620864868,83.2115734100
2005-08-31,83.3731002808,83.4526566215
2005-09-30,84.0422286987,83.6712835403
2005-10-31,82.0545349121,81.3958838327
2005-11-30,85.6610260010,84.7210322789
2005-12-31,85.4971084595,86.4976054600
2006-01-31,87.5502548218,87.7624382019
2006-02-28,88.0515136719,87.7338497764
2006-03-31,89.5047302246,89.1041409036
2006-04-30,90.6353607178,89.7833854274
2006-05-31,87.9052886963,89.0086593628
2006-06-30,88.1345748901,86.6567226757
2006-07-31,88.5292587280,87.2749141693
2006-08-31,90.4611968994,89.3114458167
2006-09-30,92.9037857056,91.5963268280
2006-10-31,95.8318405151,94.8211430636
2006-11-30,97.7374496460,96.7750443958
2006-12-31,99.0443420410,98.8695858002
2007-01-31,100.5339889526,99.5279464722
2007-02-28,98.5617752075,101.1273534674
2007-03-31,99.7039642334,98.6394303062
2007-04-30,104.1204452515,102.7593578339
2007-05-31,107.6522598267,106.2335850109
2007-06-30,106.0783081055,106.6165462676
2007-07-31,102.7569274902,107.1272968111
2007-08-31,104.0756607056,102.7045181938
2007-09-30,108.1048355103,105.9038804707
2007-10-31,109.5714187622,109.0197239751
2007-11-30,105.3274307251,103.7815428234
2007-12-31,104.1413803101,105.0980014801
2008-01-31,97.8448944092,98.0551794143
2008-02-29,95.3163452148,96.6358097076
2008-03-31,94.4639816284,94.1011753082
2008-04-30,98.9663696289,98.0611939864
2008-05-31,100.4624252319,100.5486097790
2008-06-30,92.0661468506,96.2569053287
2008-07-31,91.2388610840,90.3762588501
2008-08-31,92.6488342285,92.3405409313
2008-09-30,83.9237976074,87.9064276559
2008-10-31,70.0607070923,70.0223060276
2008-11-30,65.1839981079,64.0986890291
2008-12-31,65.8225708008,63.8830500516
2009-01-31,60.4175796509,63.1466930389
2009-02-28,53.9257698059,58.8842751352
2009-03-31,58.4184036255,55.5735829093
2009-04-30,64.2219848633,62.3612810771
2009-05-31,67.9760284424,66.4799201965
2009-06-30,67.9314880371,68.3626972545
2009-07-31,72.9996109009,69.1330243891
2009-08-31,75.6961517334,74.8064418974
2009-09-30,78.3801116943,77.4943244571
2009-10-31,76.8732376099,79.3019367565
2009-11-30,81.6091537476,80.9707729340
2009-12-31,83.1679840088,82.7820334001
2010-01-31,80.1454315186,83.8899162694
2010-02-28,82.6455764771,81.4612956800
2010-03-31,87.6769943237,86.3122130684
2010-04-30,89.0333786011,89.8091397967
2010-05-31,81.9592819214,84.5221195221
2010-06-30,77.7185974121,81.5731568770
2010-07-31,83.0268325806,81.3875717890
2010-08-31,79.2922439575,82.1099607294
2010-09-30,86.3932571411,84.8969076247
2010-10-31,89.6936340332,88.7333642869
2010-11-30,89.6936340332,90.9419206892
2010-12-31,95.6898498535,94.3757705688
2011-01-31,97.9194488525,97.6078472137
2011-02-28,101.3209152222,100.6753046136
2011-03-31,101.3330535889,99.5997457090
2011-04-30,104.2678298950,101.7943172455
2011-05-31,103.0985183716,102.4674657186
2011-06-30,101.3592453003,98.7765267112
2011-07-31,99.3316345215,101.8300903320
2011-08-31,93.8708190918,91.2324009771
2011-09-30,87.3542556763,90.5575470697
2011-10-31,96.8886871338,93.2726916359
2011-11-30,96.4949493408,94.9295963106
2011-12-31,97.5031814575,96.4178811936
2012-01-31,102.0247955322,101.0455226898
2012-02-29,106.4532775879,105.2416648865
2012-03-31,109.8771972656,108.3030613986
2012-04-30,109.1436767578,108.2276092529
2012-05-31,102.5890274048,104.8898904974
2012-06-30,106.7521743774,103.7056710379
2012-07-31,108.0149841309,106.6983755203
2012-08-31,110.7210769653,110.3629866890
2012-09-30,113.5279388428,113.7165463096
2012-10-31,111.4619522095,113.4235516503
2012-11-30,112.0927581787,110.2250253587
2012-12-31,113.0942840576,112.6926624298
